value,datasourceId,variable,field,runId
32515132.0,drug,mechanismOfActionCount,,runid
10,drug,indicationsCount,,runid
23424,drug,clinicalPrecedenceCount,,runid
32515132.0,all,evidenceTotalCount,,25.12-testrun-2_2025-11-28
517.0,crispr,evidenceCountByDatasource,,25.12-testrun-2_2025-11-28
569506.0,chembl,evidenceCountByDatasource,,25.12-testrun-2_2025-11-28
5062.0,gene2phenotype,evidenceCountByDatasource,,25.12-testrun-2_2025-11-28
2976160.0,gwas_credible_sets,evidenceCountByDatasource,,25.12-testrun-2_2025-11-28
21681.0,crispr_screen,evidenceCountByDatasource,,25.12-testrun-2_2025-11-28
3904.0,clingen,evidenceCountByDatasource,,25.12-testrun-2_2025-11-28
23345129.0,europepmc,evidenceCountByDatasource,,25.12-testrun-2_2025-11-28
36870.0,uniprot_variants,evidenceCountByDatasource,,25.12-testrun-2_2025-11-28
4223.0,intogen,evidenceCountByDatasource,,25.12-testrun-2_2025-11-28
10211.0,reactome,evidenceCountByDatasource,,25.12-testrun-2_2025-11-28
48545.0,genomics_england,evidenceCountByDatasource,,25.12-testrun-2_2025-11-28
41264.0,gene_burden,evidenceCountByDatasource,,25.12-testrun-2_2025-11-28
237329.0,expression_atlas,evidenceCountByDatasource,,25.12-testrun-2_2025-11-28
7189.0,orphanet,evidenceCountByDatasource,,25.12-testrun-2_2025-11-28
1301.0,cancer_biomarkers,evidenceCountByDatasource,,25.12-testrun-2_2025-11-28
1563525.0,impc,evidenceCountByDatasource,,25.12-testrun-2_2025-11-28
91572.0,cancer_gene_census,evidenceCountByDatasource,,25.12-testrun-2_2025-11-28
3535067.0,eva,evidenceCountByDatasource,,25.12-testrun-2_2025-11-28
6735.0,uniprot_literature,evidenceCountByDatasource,,25.12-testrun-2_2025-11-28
9342.0,eva_somatic,evidenceCountByDatasource,,25.12-testrun-2_2025-11-28
517.0,crispr,evidenceFieldNotNullCountByDatasource,id,25.12-testrun-2_2025-11-28
517.0,crispr,evidenceFieldNotNullCountByDatasource,targetFromSourceId,25.12-testrun-2_2025-11-28
517.0,crispr,evidenceFieldNotNullCountByDatasource,diseaseFromSourceMappedId,25.12-testrun-2_2025-11-28
517.0,crispr,evidenceFieldNotNullCountByDatasource,datatypeId,25.12-testrun-2_2025-11-28
0.0,crispr,evidenceFieldNotNullCountByDatasource,drugFromSource,25.12-testrun-2_2025-11-28
0.0,crispr,evidenceFieldNotNullCountByDatasource,drugId,25.12-testrun-2_2025-11-28
0.0,crispr,evidenceFieldNotNullCountByDatasource,drugResponse,25.12-testrun-2_2025-11-28
517.0,crispr,evidenceFieldNotNullCountByDatasource,diseaseFromSource,25.12-testrun-2_2025-11-28
0.0,crispr,evidenceFieldNotNullCountByDatasource,confidence,25.12-testrun-2_2025-11-28
0.0,crispr,evidenceFieldNotNullCountByDatasource,biomarkerName,25.12-testrun-2_2025-11-28
517.0,crispr,evidenceFieldNotNullCountByDatasource,literature,25.12-testrun-2_2025-11-28
0.0,crispr,evidenceFieldNotNullCountByDatasource,urls_niceName,25.12-testrun-2_2025-11-28
0.0,crispr,evidenceFieldNotNullCountByDatasource,urls_url,25.12-testrun-2_2025-11-28
0.0,crispr,evidenceFieldNotNullCountByDatasource,biomarkers_geneExpression_id,25.12-testrun-2_2025-11-28
0.0,crispr,evidenceFieldNotNullCountByDatasource,biomarkers_geneExpression_name,25.12-testrun-2_2025-11-28
0.0,crispr,evidenceFieldNotNullCountByDatasource,biomarkers_geneticVariation_functionalConsequenceId,25.12-testrun-2_2025-11-28
0.0,crispr,evidenceFieldNotNullCountByDatasource,biomarkers_geneticVariation_id,25.12-testrun-2_2025-11-28
0.0,crispr,evidenceFieldNotNullCountByDatasource,biomarkers_geneticVariation_name,25.12-testrun-2_2025-11-28
0.0,crispr,evidenceFieldNotNullCountByDatasource,qualityControls,25.12-testrun-2_2025-11-28
517.0,crispr,evidenceFieldNotNullCountByDatasource,diseaseId,25.12-testrun-2_2025-11-28
517.0,crispr,evidenceFieldNotNullCountByDatasource,targetId,25.12-testrun-2_2025-11-28
517.0,crispr,evidenceFieldNotNullCountByDatasource,publicationDate,25.12-testrun-2_2025-11-28
517.0,crispr,evidenceFieldNotNullCountByDatasource,evidenceDate,25.12-testrun-2_2025-11-28
517.0,crispr,evidenceFieldNotNullCountByDatasource,score,25.12-testrun-2_2025-11-28
569506.0,chembl,evidenceFieldNotNullCountByDatasource,id,25.12-testrun-2_2025-11-28
569506.0,chembl,evidenceFieldNotNullCountByDatasource,targetFromSourceId,25.12-testrun-2_2025-11-28
569506.0,chembl,evidenceFieldNotNullCountByDatasource,diseaseFromSourceMappedId,25.12-testrun-2_2025-11-28
569506.0,chembl,evidenceFieldNotNullCountByDatasource,datatypeId,25.12-testrun-2_2025-11-28
0.0,chembl,evidenceFieldNotNullCountByDatasource,drugFromSource,25.12-testrun-2_2025-11-28
569506.0,chembl,evidenceFieldNotNullCountByDatasource,drugId,25.12-testrun-2_2025-11-28
0.0,chembl,evidenceFieldNotNullCountByDatasource,drugResponse,25.12-testrun-2_2025-11-28
510884.0,chembl,evidenceFieldNotNullCountByDatasource,diseaseFromSource,25.12-testrun-2_2025-11-28
0.0,chembl,evidenceFieldNotNullCountByDatasource,confidence,25.12-testrun-2_2025-11-28
0.0,chembl,evidenceFieldNotNullCountByDatasource,biomarkerName,25.12-testrun-2_2025-11-28
0.0,chembl,evidenceFieldNotNullCountByDatasource,literature,25.12-testrun-2_2025-11-28
569506.0,chembl,evidenceFieldNotNullCountByDatasource,urls_niceName,25.12-testrun-2_2025-11-28
569506.0,chembl,evidenceFieldNotNullCountByDatasource,urls_url,25.12-testrun-2_2025-11-28
0.0,chembl,evidenceFieldNotNullCountByDatasource,biomarkers_geneExpression_id,25.12-testrun-2_2025-11-28
0.0,chembl,evidenceFieldNotNullCountByDatasource,biomarkers_geneExpression_name,25.12-testrun-2_2025-11-28
0.0,chembl,evidenceFieldNotNullCountByDatasource,biomarkers_geneticVariation_functionalConsequenceId,25.12-testrun-2_2025-11-28
0.0,chembl,evidenceFieldNotNullCountByDatasource,biomarkers_geneticVariation_id,25.12-testrun-2_2025-11-28
0.0,chembl,evidenceFieldNotNullCountByDatasource,biomarkers_geneticVariation_name,25.12-testrun-2_2025-11-28
0.0,chembl,evidenceFieldNotNullCountByDatasource,qualityControls,25.12-testrun-2_2025-11-28
569506.0,chembl,evidenceFieldNotNullCountByDatasource,diseaseId,25.12-testrun-2_2025-11-28
569506.0,chembl,evidenceFieldNotNullCountByDatasource,targetId,25.12-testrun-2_2025-11-28
0.0,chembl,evidenceFieldNotNullCountByDatasource,publicationDate,25.12-testrun-2_2025-11-28
485484.0,chembl,evidenceFieldNotNullCountByDatasource,evidenceDate,25.12-testrun-2_2025-11-28
569506.0,chembl,evidenceFieldNotNullCountByDatasource,score,25.12-testrun-2_2025-11-28
5062.0,gene2phenotype,evidenceFieldNotNullCountByDatasource,id,25.12-testrun-2_2025-11-28
5062.0,gene2phenotype,evidenceFieldNotNullCountByDatasource,targetFromSourceId,25.12-testrun-2_2025-11-28
5062.0,gene2phenotype,evidenceFieldNotNullCountByDatasource,diseaseFromSourceMappedId,25.12-testrun-2_2025-11-28
5062.0,gene2phenotype,evidenceFieldNotNullCountByDatasource,datatypeId,25.12-testrun-2_2025-11-28
0.0,gene2phenotype,evidenceFieldNotNullCountByDatasource,drugFromSource,25.12-testrun-2_2025-11-28
0.0,gene2phenotype,evidenceFieldNotNullCountByDatasource,drugId,25.12-testrun-2_2025-11-28
0.0,gene2phenotype,evidenceFieldNotNullCountByDatasource,drugResponse,25.12-testrun-2_2025-11-28
5062.0,gene2phenotype,evidenceFieldNotNullCountByDatasource,diseaseFromSource,25.12-testrun-2_2025-11-28
5062.0,gene2phenotype,evidenceFieldNotNullCountByDatasource,confidence,25.12-testrun-2_2025-11-28
0.0,gene2phenotype,evidenceFieldNotNullCountByDatasource,biomarkerName,25.12-testrun-2_2025-11-28
4909.0,gene2phenotype,evidenceFieldNotNullCountByDatasource,literature,25.12-testrun-2_2025-11-28
0.0,gene2phenotype,evidenceFieldNotNullCountByDatasource,urls_niceName,25.12-testrun-2_2025-11-28
0.0,gene2phenotype,evidenceFieldNotNullCountByDatasource,urls_url,25.12-testrun-2_2025-11-28
0.0,gene2phenotype,evidenceFieldNotNullCountByDatasource,biomarkers_geneExpression_id,25.12-testrun-2_2025-11-28
0.0,gene2phenotype,evidenceFieldNotNullCountByDatasource,biomarkers_geneExpression_name,25.12-testrun-2_2025-11-28
0.0,gene2phenotype,evidenceFieldNotNullCountByDatasource,biomarkers_geneticVariation_functionalConsequenceId,25.12-testrun-2_2025-11-28
0.0,gene2phenotype,evidenceFieldNotNullCountByDatasource,biomarkers_geneticVariation_id,25.12-testrun-2_2025-11-28
0.0,gene2phenotype,evidenceFieldNotNullCountByDatasource,biomarkers_geneticVariation_name,25.12-testrun-2_2025-11-28
0.0,gene2phenotype,evidenceFieldNotNullCountByDatasource,qualityControls,25.12-testrun-2_2025-11-28
5062.0,gene2phenotype,evidenceFieldNotNullCountByDatasource,diseaseId,25.12-testrun-2_2025-11-28
5062.0,gene2phenotype,evidenceFieldNotNullCountByDatasource,targetId,25.12-testrun-2_2025-11-28
4908.0,gene2phenotype,evidenceFieldNotNullCountByDatasource,publicationDate,25.12-testrun-2_2025-11-28
4908.0,gene2phenotype,evidenceFieldNotNullCountByDatasource,evidenceDate,25.12-testrun-2_2025-11-28
5062.0,gene2phenotype,evidenceFieldNotNullCountByDatasource,score,25.12-testrun-2_2025-11-28
2976160.0,gwas_credible_sets,evidenceFieldNotNullCountByDatasource,id,25.12-testrun-2_2025-11-28
2976160.0,gwas_credible_sets,evidenceFieldNotNullCountByDatasource,targetFromSourceId,25.12-testrun-2_2025-11-28
2976160.0,gwas_credible_sets,evidenceFieldNotNullCountByDatasource,diseaseFromSourceMappedId,25.12-testrun-2_2025-11-28
2976160.0,gwas_credible_sets,evidenceFieldNotNullCountByDatasource,datatypeId,25.12-testrun-2_2025-11-28
0.0,gwas_credible_sets,evidenceFieldNotNullCountByDatasource,drugFromSource,25.12-testrun-2_2025-11-28
0.0,gwas_credible_sets,evidenceFieldNotNullCountByDatasource,drugId,25.12-testrun-2_2025-11-28
0.0,gwas_credible_sets,evidenceFieldNotNullCountByDatasource,drugResponse,25.12-testrun-2_2025-11-28
0.0,gwas_credible_sets,evidenceFieldNotNullCountByDatasource,diseaseFromSource,25.12-testrun-2_2025-11-28
0.0,gwas_credible_sets,evidenceFieldNotNullCountByDatasource,confidence,25.12-testrun-2_2025-11-28
0.0,gwas_credible_sets,evidenceFieldNotNullCountByDatasource,biomarkerName,25.12-testrun-2_2025-11-28
2976160.0,gwas_credible_sets,evidenceFieldNotNullCountByDatasource,literature,25.12-testrun-2_2025-11-28
0.0,gwas_credible_sets,evidenceFieldNotNullCountByDatasource,urls_niceName,25.12-testrun-2_2025-11-28
0.0,gwas_credible_sets,evidenceFieldNotNullCountByDatasource,urls_url,25.12-testrun-2_2025-11-28
0.0,gwas_credible_sets,evidenceFieldNotNullCountByDatasource,biomarkers_geneExpression_id,25.12-testrun-2_2025-11-28
0.0,gwas_credible_sets,evidenceFieldNotNullCountByDatasource,biomarkers_geneExpression_name,25.12-testrun-2_2025-11-28
0.0,gwas_credible_sets,evidenceFieldNotNullCountByDatasource,biomarkers_geneticVariation_functionalConsequenceId,25.12-testrun-2_2025-11-28
0.0,gwas_credible_sets,evidenceFieldNotNullCountByDatasource,biomarkers_geneticVariation_id,25.12-testrun-2_2025-11-28
0.0,gwas_credible_sets,evidenceFieldNotNullCountByDatasource,biomarkers_geneticVariation_name,25.12-testrun-2_2025-11-28
0.0,gwas_credible_sets,evidenceFieldNotNullCountByDatasource,qualityControls,25.12-testrun-2_2025-11-28
2976160.0,gwas_credible_sets,evidenceFieldNotNullCountByDatasource,diseaseId,25.12-testrun-2_2025-11-28
2976160.0,gwas_credible_sets,evidenceFieldNotNullCountByDatasource,targetId,25.12-testrun-2_2025-11-28
1834769.0,gwas_credible_sets,evidenceFieldNotNullCountByDatasource,publicationDate,25.12-testrun-2_2025-11-28
2976160.0,gwas_credible_sets,evidenceFieldNotNullCountByDatasource,evidenceDate,25.12-testrun-2_2025-11-28
2976160.0,gwas_credible_sets,evidenceFieldNotNullCountByDatasource,score,25.12-testrun-2_2025-11-28
21681.0,crispr_screen,evidenceFieldNotNullCountByDatasource,id,25.12-testrun-2_2025-11-28
21681.0,crispr_screen,evidenceFieldNotNullCountByDatasource,targetFromSourceId,25.12-testrun-2_2025-11-28
21681.0,crispr_screen,evidenceFieldNotNullCountByDatasource,diseaseFromSourceMappedId,25.12-testrun-2_2025-11-28
21681.0,crispr_screen,evidenceFieldNotNullCountByDatasource,datatypeId,25.12-testrun-2_2025-11-28
0.0,crispr_screen,evidenceFieldNotNullCountByDatasource,drugFromSource,25.12-testrun-2_2025-11-28
0.0,crispr_screen,evidenceFieldNotNullCountByDatasource,drugId,25.12-testrun-2_2025-11-28
0.0,crispr_screen,evidenceFieldNotNullCountByDatasource,drugResponse,25.12-testrun-2_2025-11-28
21681.0,crispr_screen,evidenceFieldNotNullCountByDatasource,diseaseFromSource,25.12-testrun-2_2025-11-28
0.0,crispr_screen,evidenceFieldNotNullCountByDatasource,confidence,25.12-testrun-2_2025-11-28
0.0,crispr_screen,evidenceFieldNotNullCountByDatasource,biomarkerName,25.12-testrun-2_2025-11-28
20603.0,crispr_screen,evidenceFieldNotNullCountByDatasource,literature,25.12-testrun-2_2025-11-28
0.0,crispr_screen,evidenceFieldNotNullCountByDatasource,urls_niceName,25.12-testrun-2_2025-11-28
0.0,crispr_screen,evidenceFieldNotNullCountByDatasource,urls_url,25.12-testrun-2_2025-11-28
0.0,crispr_screen,evidenceFieldNotNullCountByDatasource,biomarkers_geneExpression_id,25.12-testrun-2_2025-11-28
0.0,crispr_screen,evidenceFieldNotNullCountByDatasource,biomarkers_geneExpression_name,25.12-testrun-2_2025-11-28
0.0,crispr_screen,evidenceFieldNotNullCountByDatasource,biomarkers_geneticVariation_functionalConsequenceId,25.12-testrun-2_2025-11-28
0.0,crispr_screen,evidenceFieldNotNullCountByDatasource,biomarkers_geneticVariation_id,25.12-testrun-2_2025-11-28
0.0,crispr_screen,evidenceFieldNotNullCountByDatasource,biomarkers_geneticVariation_name,25.12-testrun-2_2025-11-28
0.0,crispr_screen,evidenceFieldNotNullCountByDatasource,qualityControls,25.12-testrun-2_2025-11-28
21681.0,crispr_screen,evidenceFieldNotNullCountByDatasource,diseaseId,25.12-testrun-2_2025-11-28
21681.0,crispr_screen,evidenceFieldNotNullCountByDatasource,targetId,25.12-testrun-2_2025-11-28
20603.0,crispr_screen,evidenceFieldNotNullCountByDatasource,publicationDate,25.12-testrun-2_2025-11-28
20603.0,crispr_screen,evidenceFieldNotNullCountByDatasource,evidenceDate,25.12-testrun-2_2025-11-28
21681.0,crispr_screen,evidenceFieldNotNullCountByDatasource,score,25.12-testrun-2_2025-11-28
3904.0,clingen,evidenceFieldNotNullCountByDatasource,id,25.12-testrun-2_2025-11-28
3904.0,clingen,evidenceFieldNotNullCountByDatasource,targetFromSourceId,25.12-testrun-2_2025-11-28
3904.0,clingen,evidenceFieldNotNullCountByDatasource,diseaseFromSourceMappedId,25.12-testrun-2_2025-11-28
3904.0,clingen,evidenceFieldNotNullCountByDatasource,datatypeId,25.12-testrun-2_2025-11-28
0.0,clingen,evidenceFieldNotNullCountByDatasource,drugFromSource,25.12-testrun-2_2025-11-28
0.0,clingen,evidenceFieldNotNullCountByDatasource,drugId,25.12-testrun-2_2025-11-28
0.0,clingen,evidenceFieldNotNullCountByDatasource,drugResponse,25.12-testrun-2_2025-11-28
3904.0,clingen,evidenceFieldNotNullCountByDatasource,diseaseFromSource,25.12-testrun-2_2025-11-28
3904.0,clingen,evidenceFieldNotNullCountByDatasource,confidence,25.12-testrun-2_2025-11-28
0.0,clingen,evidenceFieldNotNullCountByDatasource,biomarkerName,25.12-testrun-2_2025-11-28
0.0,clingen,evidenceFieldNotNullCountByDatasource,literature,25.12-testrun-2_2025-11-28
0.0,clingen,evidenceFieldNotNullCountByDatasource,urls_niceName,25.12-testrun-2_2025-11-28
3904.0,clingen,evidenceFieldNotNullCountByDatasource,urls_url,25.12-testrun-2_2025-11-28
0.0,clingen,evidenceFieldNotNullCountByDatasource,biomarkers_geneExpression_id,25.12-testrun-2_2025-11-28
0.0,clingen,evidenceFieldNotNullCountByDatasource,biomarkers_geneExpression_name,25.12-testrun-2_2025-11-28
0.0,clingen,evidenceFieldNotNullCountByDatasource,biomarkers_geneticVariation_functionalConsequenceId,25.12-testrun-2_2025-11-28
0.0,clingen,evidenceFieldNotNullCountByDatasource,biomarkers_geneticVariation_id,25.12-testrun-2_2025-11-28
0.0,clingen,evidenceFieldNotNullCountByDatasource,biomarkers_geneticVariation_name,25.12-testrun-2_2025-11-28
0.0,clingen,evidenceFieldNotNullCountByDatasource,qualityControls,25.12-testrun-2_2025-11-28
3904.0,clingen,evidenceFieldNotNullCountByDatasource,diseaseId,25.12-testrun-2_2025-11-28
3904.0,clingen,evidenceFieldNotNullCountByDatasource,targetId,25.12-testrun-2_2025-11-28
0.0,clingen,evidenceFieldNotNullCountByDatasource,publicationDate,25.12-testrun-2_2025-11-28
0.0,clingen,evidenceFieldNotNullCountByDatasource,evidenceDate,25.12-testrun-2_2025-11-28
3904.0,clingen,evidenceFieldNotNullCountByDatasource,score,25.12-testrun-2_2025-11-28
23345129.0,europepmc,evidenceFieldNotNullCountByDatasource,id,25.12-testrun-2_2025-11-28
23345129.0,europepmc,evidenceFieldNotNullCountByDatasource,targetFromSourceId,25.12-testrun-2_2025-11-28
23345129.0,europepmc,evidenceFieldNotNullCountByDatasource,diseaseFromSourceMappedId,25.12-testrun-2_2025-11-28
23345129.0,europepmc,evidenceFieldNotNullCountByDatasource,datatypeId,25.12-testrun-2_2025-11-28
0.0,europepmc,evidenceFieldNotNullCountByDatasource,drugFromSource,25.12-testrun-2_2025-11-28
0.0,europepmc,evidenceFieldNotNullCountByDatasource,drugId,25.12-testrun-2_2025-11-28
0.0,europepmc,evidenceFieldNotNullCountByDatasource,drugResponse,25.12-testrun-2_2025-11-28
0.0,europepmc,evidenceFieldNotNullCountByDatasource,diseaseFromSource,25.12-testrun-2_2025-11-28
0.0,europepmc,evidenceFieldNotNullCountByDatasource,confidence,25.12-testrun-2_2025-11-28
0.0,europepmc,evidenceFieldNotNullCountByDatasource,biomarkerName,25.12-testrun-2_2025-11-28
23345129.0,europepmc,evidenceFieldNotNullCountByDatasource,literature,25.12-testrun-2_2025-11-28
0.0,europepmc,evidenceFieldNotNullCountByDatasource,urls_niceName,25.12-testrun-2_2025-11-28
0.0,europepmc,evidenceFieldNotNullCountByDatasource,urls_url,25.12-testrun-2_2025-11-28
0.0,europepmc,evidenceFieldNotNullCountByDatasource,biomarkers_geneExpression_id,25.12-testrun-2_2025-11-28
0.0,europepmc,evidenceFieldNotNullCountByDatasource,biomarkers_geneExpression_name,25.12-testrun-2_2025-11-28
0.0,europepmc,evidenceFieldNotNullCountByDatasource,biomarkers_geneticVariation_functionalConsequenceId,25.12-testrun-2_2025-11-28
0.0,europepmc,evidenceFieldNotNullCountByDatasource,biomarkers_geneticVariation_id,25.12-testrun-2_2025-11-28
0.0,europepmc,evidenceFieldNotNullCountByDatasource,biomarkers_geneticVariation_name,25.12-testrun-2_2025-11-28
0.0,europepmc,evidenceFieldNotNullCountByDatasource,qualityControls,25.12-testrun-2_2025-11-28
23345129.0,europepmc,evidenceFieldNotNullCountByDatasource,diseaseId,25.12-testrun-2_2025-11-28
23345129.0,europepmc,evidenceFieldNotNullCountByDatasource,targetId,25.12-testrun-2_2025-11-28
22738903.0,europepmc,evidenceFieldNotNullCountByDatasource,publicationDate,25.12-testrun-2_2025-11-28
22738903.0,europepmc,evidenceFieldNotNullCountByDatasource,evidenceDate,25.12-testrun-2_2025-11-28
23345129.0,europepmc,evidenceFieldNotNullCountByDatasource,score,25.12-testrun-2_2025-11-28
36870.0,uniprot_variants,evidenceFieldNotNullCountByDatasource,id,25.12-testrun-2_2025-11-28
36870.0,uniprot_variants,evidenceFieldNotNullCountByDatasource,targetFromSourceId,25.12-testrun-2_2025-11-28
36870.0,uniprot_variants,evidenceFieldNotNullCountByDatasource,diseaseFromSourceMappedId,25.12-testrun-2_2025-11-28
36870.0,uniprot_variants,evidenceFieldNotNullCountByDatasource,datatypeId,25.12-testrun-2_2025-11-28
0.0,uniprot_variants,evidenceFieldNotNullCountByDatasource,drugFromSource,25.12-testrun-2_2025-11-28
0.0,uniprot_variants,evidenceFieldNotNullCountByDatasource,drugId,25.12-testrun-2_2025-11-28
0.0,uniprot_variants,evidenceFieldNotNullCountByDatasource,drugResponse,25.12-testrun-2_2025-11-28
36870.0,uniprot_variants,evidenceFieldNotNullCountByDatasource,diseaseFromSource,25.12-testrun-2_2025-11-28
36870.0,uniprot_variants,evidenceFieldNotNullCountByDatasource,confidence,25.12-testrun-2_2025-11-28
0.0,uniprot_variants,evidenceFieldNotNullCountByDatasource,biomarkerName,25.12-testrun-2_2025-11-28
36870.0,uniprot_variants,evidenceFieldNotNullCountByDatasource,literature,25.12-testrun-2_2025-11-28
0.0,uniprot_variants,evidenceFieldNotNullCountByDatasource,urls_niceName,25.12-testrun-2_2025-11-28
0.0,uniprot_variants,evidenceFieldNotNullCountByDatasource,urls_url,25.12-testrun-2_2025-11-28
0.0,uniprot_variants,evidenceFieldNotNullCountByDatasource,biomarkers_geneExpression_id,25.12-testrun-2_2025-11-28
0.0,uniprot_variants,evidenceFieldNotNullCountByDatasource,biomarkers_geneExpression_name,25.12-testrun-2_2025-11-28
0.0,uniprot_variants,evidenceFieldNotNullCountByDatasource,biomarkers_geneticVariation_functionalConsequenceId,25.12-testrun-2_2025-11-28
0.0,uniprot_variants,evidenceFieldNotNullCountByDatasource,biomarkers_geneticVariation_id,25.12-testrun-2_2025-11-28
0.0,uniprot_variants,evidenceFieldNotNullCountByDatasource,biomarkers_geneticVariation_name,25.12-testrun-2_2025-11-28
0.0,uniprot_variants,evidenceFieldNotNullCountByDatasource,qualityControls,25.12-testrun-2_2025-11-28
36870.0,uniprot_variants,evidenceFieldNotNullCountByDatasource,diseaseId,25.12-testrun-2_2025-11-28
36870.0,uniprot_variants,evidenceFieldNotNullCountByDatasource,targetId,25.12-testrun-2_2025-11-28
35916.0,uniprot_variants,evidenceFieldNotNullCountByDatasource,publicationDate,25.12-testrun-2_2025-11-28
35916.0,uniprot_variants,evidenceFieldNotNullCountByDatasource,evidenceDate,25.12-testrun-2_2025-11-28
36870.0,uniprot_variants,evidenceFieldNotNullCountByDatasource,score,25.12-testrun-2_2025-11-28
4223.0,intogen,evidenceFieldNotNullCountByDatasource,id,25.12-testrun-2_2025-11-28
4223.0,intogen,evidenceFieldNotNullCountByDatasource,targetFromSourceId,25.12-testrun-2_2025-11-28
4223.0,intogen,evidenceFieldNotNullCountByDatasource,diseaseFromSourceMappedId,25.12-testrun-2_2025-11-28
4223.0,intogen,evidenceFieldNotNullCountByDatasource,datatypeId,25.12-testrun-2_2025-11-28
0.0,intogen,evidenceFieldNotNullCountByDatasource,drugFromSource,25.12-testrun-2_2025-11-28
0.0,intogen,evidenceFieldNotNullCountByDatasource,drugId,25.12-testrun-2_2025-11-28
0.0,intogen,evidenceFieldNotNullCountByDatasource,drugResponse,25.12-testrun-2_2025-11-28
4223.0,intogen,evidenceFieldNotNullCountByDatasource,diseaseFromSource,25.12-testrun-2_2025-11-28
0.0,intogen,evidenceFieldNotNullCountByDatasource,confidence,25.12-testrun-2_2025-11-28
0.0,intogen,evidenceFieldNotNullCountByDatasource,biomarkerName,25.12-testrun-2_2025-11-28
3285.0,intogen,evidenceFieldNotNullCountByDatasource,literature,25.12-testrun-2_2025-11-28
0.0,intogen,evidenceFieldNotNullCountByDatasource,urls_niceName,25.12-testrun-2_2025-11-28
0.0,intogen,evidenceFieldNotNullCountByDatasource,urls_url,25.12-testrun-2_2025-11-28
0.0,intogen,evidenceFieldNotNullCountByDatasource,biomarkers_geneExpression_id,25.12-testrun-2_2025-11-28
0.0,intogen,evidenceFieldNotNullCountByDatasource,biomarkers_geneExpression_name,25.12-testrun-2_2025-11-28
0.0,intogen,evidenceFieldNotNullCountByDatasource,biomarkers_geneticVariation_functionalConsequenceId,25.12-testrun-2_2025-11-28
0.0,intogen,evidenceFieldNotNullCountByDatasource,biomarkers_geneticVariation_id,25.12-testrun-2_2025-11-28
0.0,intogen,evidenceFieldNotNullCountByDatasource,biomarkers_geneticVariation_name,25.12-testrun-2_2025-11-28
0.0,intogen,evidenceFieldNotNullCountByDatasource,qualityControls,25.12-testrun-2_2025-11-28
4223.0,intogen,evidenceFieldNotNullCountByDatasource,diseaseId,25.12-testrun-2_2025-11-28
4223.0,intogen,evidenceFieldNotNullCountByDatasource,targetId,25.12-testrun-2_2025-11-28
3285.0,intogen,evidenceFieldNotNullCountByDatasource,publicationDate,25.12-testrun-2_2025-11-28
3285.0,intogen,evidenceFieldNotNullCountByDatasource,evidenceDate,25.12-testrun-2_2025-11-28
4223.0,intogen,evidenceFieldNotNullCountByDatasource,score,25.12-testrun-2_2025-11-28
10211.0,reactome,evidenceFieldNotNullCountByDatasource,id,25.12-testrun-2_2025-11-28
10211.0,reactome,evidenceFieldNotNullCountByDatasource,targetFromSourceId,25.12-testrun-2_2025-11-28
10211.0,reactome,evidenceFieldNotNullCountByDatasource,diseaseFromSourceMappedId,25.12-testrun-2_2025-11-28
10211.0,reactome,evidenceFieldNotNullCountByDatasource,datatypeId,25.12-testrun-2_2025-11-28
0.0,reactome,evidenceFieldNotNullCountByDatasource,drugFromSource,25.12-testrun-2_2025-11-28
0.0,reactome,evidenceFieldNotNullCountByDatasource,drugId,25.12-testrun-2_2025-11-28
0.0,reactome,evidenceFieldNotNullCountByDatasource,drugResponse,25.12-testrun-2_2025-11-28
10211.0,reactome,evidenceFieldNotNullCountByDatasource,diseaseFromSource,25.12-testrun-2_2025-11-28
0.0,reactome,evidenceFieldNotNullCountByDatasource,confidence,25.12-testrun-2_2025-11-28
0.0,reactome,evidenceFieldNotNullCountByDatasource,biomarkerName,25.12-testrun-2_2025-11-28
9894.0,reactome,evidenceFieldNotNullCountByDatasource,literature,25.12-testrun-2_2025-11-28
0.0,reactome,evidenceFieldNotNullCountByDatasource,urls_niceName,25.12-testrun-2_2025-11-28
0.0,reactome,evidenceFieldNotNullCountByDatasource,urls_url,25.12-testrun-2_2025-11-28
0.0,reactome,evidenceFieldNotNullCountByDatasource,biomarkers_geneExpression_id,25.12-testrun-2_2025-11-28
0.0,reactome,evidenceFieldNotNullCountByDatasource,biomarkers_geneExpression_name,25.12-testrun-2_2025-11-28
0.0,reactome,evidenceFieldNotNullCountByDatasource,biomarkers_geneticVariation_functionalConsequenceId,25.12-testrun-2_2025-11-28
0.0,reactome,evidenceFieldNotNullCountByDatasource,biomarkers_geneticVariation_id,25.12-testrun-2_2025-11-28
0.0,reactome,evidenceFieldNotNullCountByDatasource,biomarkers_geneticVariation_name,25.12-testrun-2_2025-11-28
0.0,reactome,evidenceFieldNotNullCountByDatasource,qualityControls,25.12-testrun-2_2025-11-28
10211.0,reactome,evidenceFieldNotNullCountByDatasource,diseaseId,25.12-testrun-2_2025-11-28
10211.0,reactome,evidenceFieldNotNullCountByDatasource,targetId,25.12-testrun-2_2025-11-28
9892.0,reactome,evidenceFieldNotNullCountByDatasource,publicationDate,25.12-testrun-2_2025-11-28
9892.0,reactome,evidenceFieldNotNullCountByDatasource,evidenceDate,25.12-testrun-2_2025-11-28
10211.0,reactome,evidenceFieldNotNullCountByDatasource,score,25.12-testrun-2_2025-11-28
48545.0,genomics_england,evidenceFieldNotNullCountByDatasource,id,25.12-testrun-2_2025-11-28
48545.0,genomics_england,evidenceFieldNotNullCountByDatasource,targetFromSourceId,25.12-testrun-2_2025-11-28
48545.0,genomics_england,evidenceFieldNotNullCountByDatasource,diseaseFromSourceMappedId,25.12-testrun-2_2025-11-28
48545.0,genomics_england,evidenceFieldNotNullCountByDatasource,datatypeId,25.12-testrun-2_2025-11-28
0.0,genomics_england,evidenceFieldNotNullCountByDatasource,drugFromSource,25.12-testrun-2_2025-11-28
0.0,genomics_england,evidenceFieldNotNullCountByDatasource,drugId,25.12-testrun-2_2025-11-28
0.0,genomics_england,evidenceFieldNotNullCountByDatasource,drugResponse,25.12-testrun-2_2025-11-28
48313.0,genomics_england,evidenceFieldNotNullCountByDatasource,diseaseFromSource,25.12-testrun-2_2025-11-28
48545.0,genomics_england,evidenceFieldNotNullCountByDatasource,confidence,25.12-testrun-2_2025-11-28
0.0,genomics_england,evidenceFieldNotNullCountByDatasource,biomarkerName,25.12-testrun-2_2025-11-28
31228.0,genomics_england,evidenceFieldNotNullCountByDatasource,literature,25.12-testrun-2_2025-11-28
0.0,genomics_england,evidenceFieldNotNullCountByDatasource,urls_niceName,25.12-testrun-2_2025-11-28
0.0,genomics_england,evidenceFieldNotNullCountByDatasource,urls_url,25.12-testrun-2_2025-11-28
0.0,genomics_england,evidenceFieldNotNullCountByDatasource,biomarkers_geneExpression_id,25.12-testrun-2_2025-11-28
0.0,genomics_england,evidenceFieldNotNullCountByDatasource,biomarkers_geneExpression_name,25.12-testrun-2_2025-11-28
0.0,genomics_england,evidenceFieldNotNullCountByDatasource,biomarkers_geneticVariation_functionalConsequenceId,25.12-testrun-2_2025-11-28
0.0,genomics_england,evidenceFieldNotNullCountByDatasource,biomarkers_geneticVariation_id,25.12-testrun-2_2025-11-28
0.0,genomics_england,evidenceFieldNotNullCountByDatasource,biomarkers_geneticVariation_name,25.12-testrun-2_2025-11-28
0.0,genomics_england,evidenceFieldNotNullCountByDatasource,qualityControls,25.12-testrun-2_2025-11-28
48545.0,genomics_england,evidenceFieldNotNullCountByDatasource,diseaseId,25.12-testrun-2_2025-11-28
48545.0,genomics_england,evidenceFieldNotNullCountByDatasource,targetId,25.12-testrun-2_2025-11-28
31225.0,genomics_england,evidenceFieldNotNullCountByDatasource,publicationDate,25.12-testrun-2_2025-11-28
31225.0,genomics_england,evidenceFieldNotNullCountByDatasource,evidenceDate,25.12-testrun-2_2025-11-28
48545.0,genomics_england,evidenceFieldNotNullCountByDatasource,score,25.12-testrun-2_2025-11-28
41264.0,gene_burden,evidenceFieldNotNullCountByDatasource,id,25.12-testrun-2_2025-11-28
41264.0,gene_burden,evidenceFieldNotNullCountByDatasource,targetFromSourceId,25.12-testrun-2_2025-11-28
41264.0,gene_burden,evidenceFieldNotNullCountByDatasource,diseaseFromSourceMappedId,25.12-testrun-2_2025-11-28
41264.0,gene_burden,evidenceFieldNotNullCountByDatasource,datatypeId,25.12-testrun-2_2025-11-28
0.0,gene_burden,evidenceFieldNotNullCountByDatasource,drugFromSource,25.12-testrun-2_2025-11-28
0.0,gene_burden,evidenceFieldNotNullCountByDatasource,drugId,25.12-testrun-2_2025-11-28
0.0,gene_burden,evidenceFieldNotNullCountByDatasource,drugResponse,25.12-testrun-2_2025-11-28
41264.0,gene_burden,evidenceFieldNotNullCountByDatasource,diseaseFromSource,25.12-testrun-2_2025-11-28
0.0,gene_burden,evidenceFieldNotNullCountByDatasource,confidence,25.12-testrun-2_2025-11-28
0.0,gene_burden,evidenceFieldNotNullCountByDatasource,biomarkerName,25.12-testrun-2_2025-11-28
41264.0,gene_burden,evidenceFieldNotNullCountByDatasource,literature,25.12-testrun-2_2025-11-28
27309.0,gene_burden,evidenceFieldNotNullCountByDatasource,urls_niceName,25.12-testrun-2_2025-11-28
24986.0,gene_burden,evidenceFieldNotNullCountByDatasource,urls_url,25.12-testrun-2_2025-11-28
0.0,gene_burden,evidenceFieldNotNullCountByDatasource,biomarkers_geneExpression_id,25.12-testrun-2_2025-11-28
0.0,gene_burden,evidenceFieldNotNullCountByDatasource,biomarkers_geneExpression_name,25.12-testrun-2_2025-11-28
0.0,gene_burden,evidenceFieldNotNullCountByDatasource,biomarkers_geneticVariation_functionalConsequenceId,25.12-testrun-2_2025-11-28
0.0,gene_burden,evidenceFieldNotNullCountByDatasource,biomarkers_geneticVariation_id,25.12-testrun-2_2025-11-28
0.0,gene_burden,evidenceFieldNotNullCountByDatasource,biomarkers_geneticVariation_name,25.12-testrun-2_2025-11-28
0.0,gene_burden,evidenceFieldNotNullCountByDatasource,qualityControls,25.12-testrun-2_2025-11-28
41264.0,gene_burden,evidenceFieldNotNullCountByDatasource,diseaseId,25.12-testrun-2_2025-11-28
41264.0,gene_burden,evidenceFieldNotNullCountByDatasource,targetId,25.12-testrun-2_2025-11-28
41264.0,gene_burden,evidenceFieldNotNullCountByDatasource,publicationDate,25.12-testrun-2_2025-11-28
41264.0,gene_burden,evidenceFieldNotNullCountByDatasource,evidenceDate,25.12-testrun-2_2025-11-28
41264.0,gene_burden,evidenceFieldNotNullCountByDatasource,score,25.12-testrun-2_2025-11-28
237329.0,expression_atlas,evidenceFieldNotNullCountByDatasource,id,25.12-testrun-2_2025-11-28
237329.0,expression_atlas,evidenceFieldNotNullCountByDatasource,targetFromSourceId,25.12-testrun-2_2025-11-28
237329.0,expression_atlas,evidenceFieldNotNullCountByDatasource,diseaseFromSourceMappedId,25.12-testrun-2_2025-11-28
237329.0,expression_atlas,evidenceFieldNotNullCountByDatasource,datatypeId,25.12-testrun-2_2025-11-28
0.0,expression_atlas,evidenceFieldNotNullCountByDatasource,drugFromSource,25.12-testrun-2_2025-11-28
0.0,expression_atlas,evidenceFieldNotNullCountByDatasource,drugId,25.12-testrun-2_2025-11-28
0.0,expression_atlas,evidenceFieldNotNullCountByDatasource,drugResponse,25.12-testrun-2_2025-11-28
0.0,expression_atlas,evidenceFieldNotNullCountByDatasource,diseaseFromSource,25.12-testrun-2_2025-11-28
237329.0,expression_atlas,evidenceFieldNotNullCountByDatasource,confidence,25.12-testrun-2_2025-11-28
0.0,expression_atlas,evidenceFieldNotNullCountByDatasource,biomarkerName,25.12-testrun-2_2025-11-28
193083.0,expression_atlas,evidenceFieldNotNullCountByDatasource,literature,25.12-testrun-2_2025-11-28
0.0,expression_atlas,evidenceFieldNotNullCountByDatasource,urls_niceName,25.12-testrun-2_2025-11-28
0.0,expression_atlas,evidenceFieldNotNullCountByDatasource,urls_url,25.12-testrun-2_2025-11-28
0.0,expression_atlas,evidenceFieldNotNullCountByDatasource,biomarkers_geneExpression_id,25.12-testrun-2_2025-11-28
0.0,expression_atlas,evidenceFieldNotNullCountByDatasource,biomarkers_geneExpression_name,25.12-testrun-2_2025-11-28
0.0,expression_atlas,evidenceFieldNotNullCountByDatasource,biomarkers_geneticVariation_functionalConsequenceId,25.12-testrun-2_2025-11-28
0.0,expression_atlas,evidenceFieldNotNullCountByDatasource,biomarkers_geneticVariation_id,25.12-testrun-2_2025-11-28
0.0,expression_atlas,evidenceFieldNotNullCountByDatasource,biomarkers_geneticVariation_name,25.12-testrun-2_2025-11-28
0.0,expression_atlas,evidenceFieldNotNullCountByDatasource,qualityControls,25.12-testrun-2_2025-11-28
237329.0,expression_atlas,evidenceFieldNotNullCountByDatasource,diseaseId,25.12-testrun-2_2025-11-28
237329.0,expression_atlas,evidenceFieldNotNullCountByDatasource,targetId,25.12-testrun-2_2025-11-28
193083.0,expression_atlas,evidenceFieldNotNullCountByDatasource,publicationDate,25.12-testrun-2_2025-11-28
193083.0,expression_atlas,evidenceFieldNotNullCountByDatasource,evidenceDate,25.12-testrun-2_2025-11-28
237329.0,expression_atlas,evidenceFieldNotNullCountByDatasource,score,25.12-testrun-2_2025-11-28
7189.0,orphanet,evidenceFieldNotNullCountByDatasource,id,25.12-testrun-2_2025-11-28
7189.0,orphanet,evidenceFieldNotNullCountByDatasource,targetFromSourceId,25.12-testrun-2_2025-11-28
7189.0,orphanet,evidenceFieldNotNullCountByDatasource,diseaseFromSourceMappedId,25.12-testrun-2_2025-11-28
7189.0,orphanet,evidenceFieldNotNullCountByDatasource,datatypeId,25.12-testrun-2_2025-11-28
0.0,orphanet,evidenceFieldNotNullCountByDatasource,drugFromSource,25.12-testrun-2_2025-11-28
0.0,orphanet,evidenceFieldNotNullCountByDatasource,drugId,25.12-testrun-2_2025-11-28
0.0,orphanet,evidenceFieldNotNullCountByDatasource,drugResponse,25.12-testrun-2_2025-11-28
7189.0,orphanet,evidenceFieldNotNullCountByDatasource,diseaseFromSource,25.12-testrun-2_2025-11-28
7189.0,orphanet,evidenceFieldNotNullCountByDatasource,confidence,25.12-testrun-2_2025-11-28
0.0,orphanet,evidenceFieldNotNullCountByDatasource,biomarkerName,25.12-testrun-2_2025-11-28
6646.0,orphanet,evidenceFieldNotNullCountByDatasource,literature,25.12-testrun-2_2025-11-28
0.0,orphanet,evidenceFieldNotNullCountByDatasource,urls_niceName,25.12-testrun-2_2025-11-28
0.0,orphanet,evidenceFieldNotNullCountByDatasource,urls_url,25.12-testrun-2_2025-11-28
0.0,orphanet,evidenceFieldNotNullCountByDatasource,biomarkers_geneExpression_id,25.12-testrun-2_2025-11-28
0.0,orphanet,evidenceFieldNotNullCountByDatasource,biomarkers_geneExpression_name,25.12-testrun-2_2025-11-28
0.0,orphanet,evidenceFieldNotNullCountByDatasource,biomarkers_geneticVariation_functionalConsequenceId,25.12-testrun-2_2025-11-28
0.0,orphanet,evidenceFieldNotNullCountByDatasource,biomarkers_geneticVariation_id,25.12-testrun-2_2025-11-28
0.0,orphanet,evidenceFieldNotNullCountByDatasource,biomarkers_geneticVariation_name,25.12-testrun-2_2025-11-28
0.0,orphanet,evidenceFieldNotNullCountByDatasource,qualityControls,25.12-testrun-2_2025-11-28
7189.0,orphanet,evidenceFieldNotNullCountByDatasource,diseaseId,25.12-testrun-2_2025-11-28
7189.0,orphanet,evidenceFieldNotNullCountByDatasource,targetId,25.12-testrun-2_2025-11-28
6639.0,orphanet,evidenceFieldNotNullCountByDatasource,publicationDate,25.12-testrun-2_2025-11-28
6639.0,orphanet,evidenceFieldNotNullCountByDatasource,evidenceDate,25.12-testrun-2_2025-11-28
7189.0,orphanet,evidenceFieldNotNullCountByDatasource,score,25.12-testrun-2_2025-11-28
1301.0,cancer_biomarkers,evidenceFieldNotNullCountByDatasource,id,25.12-testrun-2_2025-11-28
1301.0,cancer_biomarkers,evidenceFieldNotNullCountByDatasource,targetFromSourceId,25.12-testrun-2_2025-11-28
1301.0,cancer_biomarkers,evidenceFieldNotNullCountByDatasource,diseaseFromSourceMappedId,25.12-testrun-2_2025-11-28
1301.0,cancer_biomarkers,evidenceFieldNotNullCountByDatasource,datatypeId,25.12-testrun-2_2025-11-28
1301.0,cancer_biomarkers,evidenceFieldNotNullCountByDatasource,drugFromSource,25.12-testrun-2_2025-11-28
728.0,cancer_biomarkers,evidenceFieldNotNullCountByDatasource,drugId,25.12-testrun-2_2025-11-28
1301.0,cancer_biomarkers,evidenceFieldNotNullCountByDatasource,drugResponse,25.12-testrun-2_2025-11-28
1301.0,cancer_biomarkers,evidenceFieldNotNullCountByDatasource,diseaseFromSource,25.12-testrun-2_2025-11-28
1301.0,cancer_biomarkers,evidenceFieldNotNullCountByDatasource,confidence,25.12-testrun-2_2025-11-28
1301.0,cancer_biomarkers,evidenceFieldNotNullCountByDatasource,biomarkerName,25.12-testrun-2_2025-11-28
989.0,cancer_biomarkers,evidenceFieldNotNullCountByDatasource,literature,25.12-testrun-2_2025-11-28
362.0,cancer_biomarkers,evidenceFieldNotNullCountByDatasource,urls_niceName,25.12-testrun-2_2025-11-28
362.0,cancer_biomarkers,evidenceFieldNotNullCountByDatasource,urls_url,25.12-testrun-2_2025-11-28
63.0,cancer_biomarkers,evidenceFieldNotNullCountByDatasource,biomarkers_geneExpression_id,25.12-testrun-2_2025-11-28
63.0,cancer_biomarkers,evidenceFieldNotNullCountByDatasource,biomarkers_geneExpression_name,25.12-testrun-2_2025-11-28
1229.0,cancer_biomarkers,evidenceFieldNotNullCountByDatasource,biomarkers_geneticVariation_functionalConsequenceId,25.12-testrun-2_2025-11-28
272.0,cancer_biomarkers,evidenceFieldNotNullCountByDatasource,biomarkers_geneticVariation_id,25.12-testrun-2_2025-11-28
1244.0,cancer_biomarkers,evidenceFieldNotNullCountByDatasource,biomarkers_geneticVariation_name,25.12-testrun-2_2025-11-28
0.0,cancer_biomarkers,evidenceFieldNotNullCountByDatasource,qualityControls,25.12-testrun-2_2025-11-28
1301.0,cancer_biomarkers,evidenceFieldNotNullCountByDatasource,diseaseId,25.12-testrun-2_2025-11-28
1301.0,cancer_biomarkers,evidenceFieldNotNullCountByDatasource,targetId,25.12-testrun-2_2025-11-28
988.0,cancer_biomarkers,evidenceFieldNotNullCountByDatasource,publicationDate,25.12-testrun-2_2025-11-28
988.0,cancer_biomarkers,evidenceFieldNotNullCountByDatasource,evidenceDate,25.12-testrun-2_2025-11-28
1301.0,cancer_biomarkers,evidenceFieldNotNullCountByDatasource,score,25.12-testrun-2_2025-11-28
1563525.0,impc,evidenceFieldNotNullCountByDatasource,id,25.12-testrun-2_2025-11-28
1563525.0,impc,evidenceFieldNotNullCountByDatasource,targetFromSourceId,25.12-testrun-2_2025-11-28
1563525.0,impc,evidenceFieldNotNullCountByDatasource,diseaseFromSourceMappedId,25.12-testrun-2_2025-11-28
1563525.0,impc,evidenceFieldNotNullCountByDatasource,datatypeId,25.12-testrun-2_2025-11-28
0.0,impc,evidenceFieldNotNullCountByDatasource,drugFromSource,25.12-testrun-2_2025-11-28
0.0,impc,evidenceFieldNotNullCountByDatasource,drugId,25.12-testrun-2_2025-11-28
0.0,impc,evidenceFieldNotNullCountByDatasource,drugResponse,25.12-testrun-2_2025-11-28
1563525.0,impc,evidenceFieldNotNullCountByDatasource,diseaseFromSource,25.12-testrun-2_2025-11-28
0.0,impc,evidenceFieldNotNullCountByDatasource,confidence,25.12-testrun-2_2025-11-28
0.0,impc,evidenceFieldNotNullCountByDatasource,biomarkerName,25.12-testrun-2_2025-11-28
0.0,impc,evidenceFieldNotNullCountByDatasource,literature,25.12-testrun-2_2025-11-28
0.0,impc,evidenceFieldNotNullCountByDatasource,urls_niceName,25.12-testrun-2_2025-11-28
0.0,impc,evidenceFieldNotNullCountByDatasource,urls_url,25.12-testrun-2_2025-11-28
0.0,impc,evidenceFieldNotNullCountByDatasource,biomarkers_geneExpression_id,25.12-testrun-2_2025-11-28
0.0,impc,evidenceFieldNotNullCountByDatasource,biomarkers_geneExpression_name,25.12-testrun-2_2025-11-28
0.0,impc,evidenceFieldNotNullCountByDatasource,biomarkers_geneticVariation_functionalConsequenceId,25.12-testrun-2_2025-11-28
0.0,impc,evidenceFieldNotNullCountByDatasource,biomarkers_geneticVariation_id,25.12-testrun-2_2025-11-28
0.0,impc,evidenceFieldNotNullCountByDatasource,biomarkers_geneticVariation_name,25.12-testrun-2_2025-11-28
0.0,impc,evidenceFieldNotNullCountByDatasource,qualityControls,25.12-testrun-2_2025-11-28
1563525.0,impc,evidenceFieldNotNullCountByDatasource,diseaseId,25.12-testrun-2_2025-11-28
1563525.0,impc,evidenceFieldNotNullCountByDatasource,targetId,25.12-testrun-2_2025-11-28
0.0,impc,evidenceFieldNotNullCountByDatasource,publicationDate,25.12-testrun-2_2025-11-28
0.0,impc,evidenceFieldNotNullCountByDatasource,evidenceDate,25.12-testrun-2_2025-11-28
1563525.0,impc,evidenceFieldNotNullCountByDatasource,score,25.12-testrun-2_2025-11-28
91572.0,cancer_gene_census,evidenceFieldNotNullCountByDatasource,id,25.12-testrun-2_2025-11-28
91572.0,cancer_gene_census,evidenceFieldNotNullCountByDatasource,targetFromSourceId,25.12-testrun-2_2025-11-28
91572.0,cancer_gene_census,evidenceFieldNotNullCountByDatasource,diseaseFromSourceMappedId,25.12-testrun-2_2025-11-28
91572.0,cancer_gene_census,evidenceFieldNotNullCountByDatasource,datatypeId,25.12-testrun-2_2025-11-28
0.0,cancer_gene_census,evidenceFieldNotNullCountByDatasource,drugFromSource,25.12-testrun-2_2025-11-28
0.0,cancer_gene_census,evidenceFieldNotNullCountByDatasource,drugId,25.12-testrun-2_2025-11-28
0.0,cancer_gene_census,evidenceFieldNotNullCountByDatasource,drugResponse,25.12-testrun-2_2025-11-28
0.0,cancer_gene_census,evidenceFieldNotNullCountByDatasource,diseaseFromSource,25.12-testrun-2_2025-11-28
0.0,cancer_gene_census,evidenceFieldNotNullCountByDatasource,confidence,25.12-testrun-2_2025-11-28
0.0,cancer_gene_census,evidenceFieldNotNullCountByDatasource,biomarkerName,25.12-testrun-2_2025-11-28
75071.0,cancer_gene_census,evidenceFieldNotNullCountByDatasource,literature,25.12-testrun-2_2025-11-28
0.0,cancer_gene_census,evidenceFieldNotNullCountByDatasource,urls_niceName,25.12-testrun-2_2025-11-28
0.0,cancer_gene_census,evidenceFieldNotNullCountByDatasource,urls_url,25.12-testrun-2_2025-11-28
0.0,cancer_gene_census,evidenceFieldNotNullCountByDatasource,biomarkers_geneExpression_id,25.12-testrun-2_2025-11-28
0.0,cancer_gene_census,evidenceFieldNotNullCountByDatasource,biomarkers_geneExpression_name,25.12-testrun-2_2025-11-28
0.0,cancer_gene_census,evidenceFieldNotNullCountByDatasource,biomarkers_geneticVariation_functionalConsequenceId,25.12-testrun-2_2025-11-28
0.0,cancer_gene_census,evidenceFieldNotNullCountByDatasource,biomarkers_geneticVariation_id,25.12-testrun-2_2025-11-28
0.0,cancer_gene_census,evidenceFieldNotNullCountByDatasource,biomarkers_geneticVariation_name,25.12-testrun-2_2025-11-28
0.0,cancer_gene_census,evidenceFieldNotNullCountByDatasource,qualityControls,25.12-testrun-2_2025-11-28
91572.0,cancer_gene_census,evidenceFieldNotNullCountByDatasource,diseaseId,25.12-testrun-2_2025-11-28
91572.0,cancer_gene_census,evidenceFieldNotNullCountByDatasource,targetId,25.12-testrun-2_2025-11-28
75069.0,cancer_gene_census,evidenceFieldNotNullCountByDatasource,publicationDate,25.12-testrun-2_2025-11-28
75069.0,cancer_gene_census,evidenceFieldNotNullCountByDatasource,evidenceDate,25.12-testrun-2_2025-11-28
91572.0,cancer_gene_census,evidenceFieldNotNullCountByDatasource,score,25.12-testrun-2_2025-11-28
3535067.0,eva,evidenceFieldNotNullCountByDatasource,id,25.12-testrun-2_2025-11-28
3535067.0,eva,evidenceFieldNotNullCountByDatasource,targetFromSourceId,25.12-testrun-2_2025-11-28
3535067.0,eva,evidenceFieldNotNullCountByDatasource,diseaseFromSourceMappedId,25.12-testrun-2_2025-11-28
3535067.0,eva,evidenceFieldNotNullCountByDatasource,datatypeId,25.12-testrun-2_2025-11-28
0.0,eva,evidenceFieldNotNullCountByDatasource,drugFromSource,25.12-testrun-2_2025-11-28
0.0,eva,evidenceFieldNotNullCountByDatasource,drugId,25.12-testrun-2_2025-11-28
0.0,eva,evidenceFieldNotNullCountByDatasource,drugResponse,25.12-testrun-2_2025-11-28
3535067.0,eva,evidenceFieldNotNullCountByDatasource,diseaseFromSource,25.12-testrun-2_2025-11-28
3535067.0,eva,evidenceFieldNotNullCountByDatasource,confidence,25.12-testrun-2_2025-11-28
0.0,eva,evidenceFieldNotNullCountByDatasource,biomarkerName,25.12-testrun-2_2025-11-28
37453.0,eva,evidenceFieldNotNullCountByDatasource,literature,25.12-testrun-2_2025-11-28
0.0,eva,evidenceFieldNotNullCountByDatasource,urls_niceName,25.12-testrun-2_2025-11-28
0.0,eva,evidenceFieldNotNullCountByDatasource,urls_url,25.12-testrun-2_2025-11-28
0.0,eva,evidenceFieldNotNullCountByDatasource,biomarkers_geneExpression_id,25.12-testrun-2_2025-11-28
0.0,eva,evidenceFieldNotNullCountByDatasource,biomarkers_geneExpression_name,25.12-testrun-2_2025-11-28
0.0,eva,evidenceFieldNotNullCountByDatasource,biomarkers_geneticVariation_functionalConsequenceId,25.12-testrun-2_2025-11-28
0.0,eva,evidenceFieldNotNullCountByDatasource,biomarkers_geneticVariation_id,25.12-testrun-2_2025-11-28
0.0,eva,evidenceFieldNotNullCountByDatasource,biomarkers_geneticVariation_name,25.12-testrun-2_2025-11-28
0.0,eva,evidenceFieldNotNullCountByDatasource,qualityControls,25.12-testrun-2_2025-11-28
3535067.0,eva,evidenceFieldNotNullCountByDatasource,diseaseId,25.12-testrun-2_2025-11-28
3535067.0,eva,evidenceFieldNotNullCountByDatasource,targetId,25.12-testrun-2_2025-11-28
37452.0,eva,evidenceFieldNotNullCountByDatasource,publicationDate,25.12-testrun-2_2025-11-28
37452.0,eva,evidenceFieldNotNullCountByDatasource,evidenceDate,25.12-testrun-2_2025-11-28
3535067.0,eva,evidenceFieldNotNullCountByDatasource,score,25.12-testrun-2_2025-11-28
6735.0,uniprot_literature,evidenceFieldNotNullCountByDatasource,id,25.12-testrun-2_2025-11-28
6735.0,uniprot_literature,evidenceFieldNotNullCountByDatasource,targetFromSourceId,25.12-testrun-2_2025-11-28
6735.0,uniprot_literature,evidenceFieldNotNullCountByDatasource,diseaseFromSourceMappedId,25.12-testrun-2_2025-11-28
6735.0,uniprot_literature,evidenceFieldNotNullCountByDatasource,datatypeId,25.12-testrun-2_2025-11-28
0.0,uniprot_literature,evidenceFieldNotNullCountByDatasource,drugFromSource,25.12-testrun-2_2025-11-28
0.0,uniprot_literature,evidenceFieldNotNullCountByDatasource,drugId,25.12-testrun-2_2025-11-28
0.0,uniprot_literature,evidenceFieldNotNullCountByDatasource,drugResponse,25.12-testrun-2_2025-11-28
6735.0,uniprot_literature,evidenceFieldNotNullCountByDatasource,diseaseFromSource,25.12-testrun-2_2025-11-28
6735.0,uniprot_literature,evidenceFieldNotNullCountByDatasource,confidence,25.12-testrun-2_2025-11-28
0.0,uniprot_literature,evidenceFieldNotNullCountByDatasource,biomarkerName,25.12-testrun-2_2025-11-28
6667.0,uniprot_literature,evidenceFieldNotNullCountByDatasource,literature,25.12-testrun-2_2025-11-28
0.0,uniprot_literature,evidenceFieldNotNullCountByDatasource,urls_niceName,25.12-testrun-2_2025-11-28
0.0,uniprot_literature,evidenceFieldNotNullCountByDatasource,urls_url,25.12-testrun-2_2025-11-28
0.0,uniprot_literature,evidenceFieldNotNullCountByDatasource,biomarkers_geneExpression_id,25.12-testrun-2_2025-11-28
0.0,uniprot_literature,evidenceFieldNotNullCountByDatasource,biomarkers_geneExpression_name,25.12-testrun-2_2025-11-28
0.0,uniprot_literature,evidenceFieldNotNullCountByDatasource,biomarkers_geneticVariation_functionalConsequenceId,25.12-testrun-2_2025-11-28
0.0,uniprot_literature,evidenceFieldNotNullCountByDatasource,biomarkers_geneticVariation_id,25.12-testrun-2_2025-11-28
0.0,uniprot_literature,evidenceFieldNotNullCountByDatasource,biomarkers_geneticVariation_name,25.12-testrun-2_2025-11-28
0.0,uniprot_literature,evidenceFieldNotNullCountByDatasource,qualityControls,25.12-testrun-2_2025-11-28
6735.0,uniprot_literature,evidenceFieldNotNullCountByDatasource,diseaseId,25.12-testrun-2_2025-11-28
6735.0,uniprot_literature,evidenceFieldNotNullCountByDatasource,targetId,25.12-testrun-2_2025-11-28
6667.0,uniprot_literature,evidenceFieldNotNullCountByDatasource,publicationDate,25.12-testrun-2_2025-11-28
6667.0,uniprot_literature,evidenceFieldNotNullCountByDatasource,evidenceDate,25.12-testrun-2_2025-11-28
6735.0,uniprot_literature,evidenceFieldNotNullCountByDatasource,score,25.12-testrun-2_2025-11-28
9342.0,eva_somatic,evidenceFieldNotNullCountByDatasource,id,25.12-testrun-2_2025-11-28
9342.0,eva_somatic,evidenceFieldNotNullCountByDatasource,targetFromSourceId,25.12-testrun-2_2025-11-28
9342.0,eva_somatic,evidenceFieldNotNullCountByDatasource,diseaseFromSourceMappedId,25.12-testrun-2_2025-11-28
9342.0,eva_somatic,evidenceFieldNotNullCountByDatasource,datatypeId,25.12-testrun-2_2025-11-28
0.0,eva_somatic,evidenceFieldNotNullCountByDatasource,drugFromSource,25.12-testrun-2_2025-11-28
0.0,eva_somatic,evidenceFieldNotNullCountByDatasource,drugId,25.12-testrun-2_2025-11-28
0.0,eva_somatic,evidenceFieldNotNullCountByDatasource,drugResponse,25.12-testrun-2_2025-11-28
9342.0,eva_somatic,evidenceFieldNotNullCountByDatasource,diseaseFromSource,25.12-testrun-2_2025-11-28
9342.0,eva_somatic,evidenceFieldNotNullCountByDatasource,confidence,25.12-testrun-2_2025-11-28
0.0,eva_somatic,evidenceFieldNotNullCountByDatasource,biomarkerName,25.12-testrun-2_2025-11-28
629.0,eva_somatic,evidenceFieldNotNullCountByDatasource,literature,25.12-testrun-2_2025-11-28
0.0,eva_somatic,evidenceFieldNotNullCountByDatasource,urls_niceName,25.12-testrun-2_2025-11-28
0.0,eva_somatic,evidenceFieldNotNullCountByDatasource,urls_url,25.12-testrun-2_2025-11-28
0.0,eva_somatic,evidenceFieldNotNullCountByDatasource,biomarkers_geneExpression_id,25.12-testrun-2_2025-11-28
0.0,eva_somatic,evidenceFieldNotNullCountByDatasource,biomarkers_geneExpression_name,25.12-testrun-2_2025-11-28
0.0,eva_somatic,evidenceFieldNotNullCountByDatasource,biomarkers_geneticVariation_functionalConsequenceId,25.12-testrun-2_2025-11-28
0.0,eva_somatic,evidenceFieldNotNullCountByDatasource,biomarkers_geneticVariation_id,25.12-testrun-2_2025-11-28
0.0,eva_somatic,evidenceFieldNotNullCountByDatasource,biomarkers_geneticVariation_name,25.12-testrun-2_2025-11-28
0.0,eva_somatic,evidenceFieldNotNullCountByDatasource,qualityControls,25.12-testrun-2_2025-11-28
9342.0,eva_somatic,evidenceFieldNotNullCountByDatasource,diseaseId,25.12-testrun-2_2025-11-28
9342.0,eva_somatic,evidenceFieldNotNullCountByDatasource,targetId,25.12-testrun-2_2025-11-28
629.0,eva_somatic,evidenceFieldNotNullCountByDatasource,publicationDate,25.12-testrun-2_2025-11-28
629.0,eva_somatic,evidenceFieldNotNullCountByDatasource,evidenceDate,25.12-testrun-2_2025-11-28
9342.0,eva_somatic,evidenceFieldNotNullCountByDatasource,score,25.12-testrun-2_2025-11-28
302.0,crispr,evidenceDistinctFieldsCountByDatasource,targetFromSourceId,25.12-testrun-2_2025-11-28
26.0,crispr,evidenceDistinctFieldsCountByDatasource,diseaseFromSourceMappedId,25.12-testrun-2_2025-11-28
0.0,crispr,evidenceDistinctFieldsCountByDatasource,drugId,25.12-testrun-2_2025-11-28
1.0,crispr,evidenceDistinctFieldsCountByDatasource,literature,25.12-testrun-2_2025-11-28
1533.0,chembl,evidenceDistinctFieldsCountByDatasource,targetFromSourceId,25.12-testrun-2_2025-11-28
2680.0,chembl,evidenceDistinctFieldsCountByDatasource,diseaseFromSourceMappedId,25.12-testrun-2_2025-11-28
4264.0,chembl,evidenceDistinctFieldsCountByDatasource,drugId,25.12-testrun-2_2025-11-28
0.0,chembl,evidenceDistinctFieldsCountByDatasource,literature,25.12-testrun-2_2025-11-28
2771.0,gene2phenotype,evidenceDistinctFieldsCountByDatasource,targetFromSourceId,25.12-testrun-2_2025-11-28
3163.0,gene2phenotype,evidenceDistinctFieldsCountByDatasource,diseaseFromSourceMappedId,25.12-testrun-2_2025-11-28
0.0,gene2phenotype,evidenceDistinctFieldsCountByDatasource,drugId,25.12-testrun-2_2025-11-28
3093.0,gene2phenotype,evidenceDistinctFieldsCountByDatasource,literature,25.12-testrun-2_2025-11-28
18810.0,gwas_credible_sets,evidenceDistinctFieldsCountByDatasource,targetFromSourceId,25.12-testrun-2_2025-11-28
10416.0,gwas_credible_sets,evidenceDistinctFieldsCountByDatasource,diseaseFromSourceMappedId,25.12-testrun-2_2025-11-28
0.0,gwas_credible_sets,evidenceDistinctFieldsCountByDatasource,drugId,25.12-testrun-2_2025-11-28
4489.0,gwas_credible_sets,evidenceDistinctFieldsCountByDatasource,literature,25.12-testrun-2_2025-11-28
7285.0,crispr_screen,evidenceDistinctFieldsCountByDatasource,targetFromSourceId,25.12-testrun-2_2025-11-28
7.0,crispr_screen,evidenceDistinctFieldsCountByDatasource,diseaseFromSourceMappedId,25.12-testrun-2_2025-11-28
0.0,crispr_screen,evidenceDistinctFieldsCountByDatasource,drugId,25.12-testrun-2_2025-11-28
4.0,crispr_screen,evidenceDistinctFieldsCountByDatasource,literature,25.12-testrun-2_2025-11-28
2678.0,clingen,evidenceDistinctFieldsCountByDatasource,targetFromSourceId,25.12-testrun-2_2025-11-28
1965.0,clingen,evidenceDistinctFieldsCountByDatasource,diseaseFromSourceMappedId,25.12-testrun-2_2025-11-28
0.0,clingen,evidenceDistinctFieldsCountByDatasource,drugId,25.12-testrun-2_2025-11-28
0.0,clingen,evidenceDistinctFieldsCountByDatasource,literature,25.12-testrun-2_2025-11-28
23744.0,europepmc,evidenceDistinctFieldsCountByDatasource,targetFromSourceId,25.12-testrun-2_2025-11-28
11990.0,europepmc,evidenceDistinctFieldsCountByDatasource,diseaseFromSourceMappedId,25.12-testrun-2_2025-11-28
0.0,europepmc,evidenceDistinctFieldsCountByDatasource,drugId,25.12-testrun-2_2025-11-28
4025156.0,europepmc,evidenceDistinctFieldsCountByDatasource,literature,25.12-testrun-2_2025-11-28
3428.0,uniprot_variants,evidenceDistinctFieldsCountByDatasource,targetFromSourceId,25.12-testrun-2_2025-11-28
4233.0,uniprot_variants,evidenceDistinctFieldsCountByDatasource,diseaseFromSourceMappedId,25.12-testrun-2_2025-11-28
0.0,uniprot_variants,evidenceDistinctFieldsCountByDatasource,drugId,25.12-testrun-2_2025-11-28
17093.0,uniprot_variants,evidenceDistinctFieldsCountByDatasource,literature,25.12-testrun-2_2025-11-28
628.0,intogen,evidenceDistinctFieldsCountByDatasource,targetFromSourceId,25.12-testrun-2_2025-11-28
67.0,intogen,evidenceDistinctFieldsCountByDatasource,diseaseFromSourceMappedId,25.12-testrun-2_2025-11-28
0.0,intogen,evidenceDistinctFieldsCountByDatasource,drugId,25.12-testrun-2_2025-11-28
53.0,intogen,evidenceDistinctFieldsCountByDatasource,literature,25.12-testrun-2_2025-11-28
1379.0,reactome,evidenceDistinctFieldsCountByDatasource,targetFromSourceId,25.12-testrun-2_2025-11-28
216.0,reactome,evidenceDistinctFieldsCountByDatasource,diseaseFromSourceMappedId,25.12-testrun-2_2025-11-28
0.0,reactome,evidenceDistinctFieldsCountByDatasource,drugId,25.12-testrun-2_2025-11-28
1015.0,reactome,evidenceDistinctFieldsCountByDatasource,literature,25.12-testrun-2_2025-11-28
4267.0,genomics_england,evidenceDistinctFieldsCountByDatasource,targetFromSourceId,25.12-testrun-2_2025-11-28
6651.0,genomics_england,evidenceDistinctFieldsCountByDatasource,diseaseFromSourceMappedId,25.12-testrun-2_2025-11-28
0.0,genomics_england,evidenceDistinctFieldsCountByDatasource,drugId,25.12-testrun-2_2025-11-28
8985.0,genomics_england,evidenceDistinctFieldsCountByDatasource,literature,25.12-testrun-2_2025-11-28
2405.0,gene_burden,evidenceDistinctFieldsCountByDatasource,targetFromSourceId,25.12-testrun-2_2025-11-28
1235.0,gene_burden,evidenceDistinctFieldsCountByDatasource,diseaseFromSourceMappedId,25.12-testrun-2_2025-11-28
0.0,gene_burden,evidenceDistinctFieldsCountByDatasource,drugId,25.12-testrun-2_2025-11-28
15.0,gene_burden,evidenceDistinctFieldsCountByDatasource,literature,25.12-testrun-2_2025-11-28
24786.0,expression_atlas,evidenceDistinctFieldsCountByDatasource,targetFromSourceId,25.12-testrun-2_2025-11-28
210.0,expression_atlas,evidenceDistinctFieldsCountByDatasource,diseaseFromSourceMappedId,25.12-testrun-2_2025-11-28
0.0,expression_atlas,evidenceDistinctFieldsCountByDatasource,drugId,25.12-testrun-2_2025-11-28
227.0,expression_atlas,evidenceDistinctFieldsCountByDatasource,literature,25.12-testrun-2_2025-11-28
3877.0,orphanet,evidenceDistinctFieldsCountByDatasource,targetFromSourceId,25.12-testrun-2_2025-11-28
3640.0,orphanet,evidenceDistinctFieldsCountByDatasource,diseaseFromSourceMappedId,25.12-testrun-2_2025-11-28
0.0,orphanet,evidenceDistinctFieldsCountByDatasource,drugId,25.12-testrun-2_2025-11-28
4659.0,orphanet,evidenceDistinctFieldsCountByDatasource,literature,25.12-testrun-2_2025-11-28
183.0,cancer_biomarkers,evidenceDistinctFieldsCountByDatasource,targetFromSourceId,25.12-testrun-2_2025-11-28
77.0,cancer_biomarkers,evidenceDistinctFieldsCountByDatasource,diseaseFromSourceMappedId,25.12-testrun-2_2025-11-28
106.0,cancer_biomarkers,evidenceDistinctFieldsCountByDatasource,drugId,25.12-testrun-2_2025-11-28
526.0,cancer_biomarkers,evidenceDistinctFieldsCountByDatasource,literature,25.12-testrun-2_2025-11-28
11426.0,impc,evidenceDistinctFieldsCountByDatasource,targetFromSourceId,25.12-testrun-2_2025-11-28
8823.0,impc,evidenceDistinctFieldsCountByDatasource,diseaseFromSourceMappedId,25.12-testrun-2_2025-11-28
0.0,impc,evidenceDistinctFieldsCountByDatasource,drugId,25.12-testrun-2_2025-11-28
0.0,impc,evidenceDistinctFieldsCountByDatasource,literature,25.12-testrun-2_2025-11-28
749.0,cancer_gene_census,evidenceDistinctFieldsCountByDatasource,targetFromSourceId,25.12-testrun-2_2025-11-28
1048.0,cancer_gene_census,evidenceDistinctFieldsCountByDatasource,diseaseFromSourceMappedId,25.12-testrun-2_2025-11-28
0.0,cancer_gene_census,evidenceDistinctFieldsCountByDatasource,drugId,25.12-testrun-2_2025-11-28
18011.0,cancer_gene_census,evidenceDistinctFieldsCountByDatasource,literature,25.12-testrun-2_2025-11-28
7794.0,eva,evidenceDistinctFieldsCountByDatasource,targetFromSourceId,25.12-testrun-2_2025-11-28
9530.0,eva,evidenceDistinctFieldsCountByDatasource,diseaseFromSourceMappedId,25.12-testrun-2_2025-11-28
0.0,eva,evidenceDistinctFieldsCountByDatasource,drugId,25.12-testrun-2_2025-11-28
19296.0,eva,evidenceDistinctFieldsCountByDatasource,literature,25.12-testrun-2_2025-11-28
4176.0,uniprot_literature,evidenceDistinctFieldsCountByDatasource,targetFromSourceId,25.12-testrun-2_2025-11-28
5119.0,uniprot_literature,evidenceDistinctFieldsCountByDatasource,diseaseFromSourceMappedId,25.12-testrun-2_2025-11-28
0.0,uniprot_literature,evidenceDistinctFieldsCountByDatasource,drugId,25.12-testrun-2_2025-11-28
5911.0,uniprot_literature,evidenceDistinctFieldsCountByDatasource,literature,25.12-testrun-2_2025-11-28
1166.0,eva_somatic,evidenceDistinctFieldsCountByDatasource,targetFromSourceId,25.12-testrun-2_2025-11-28
487.0,eva_somatic,evidenceDistinctFieldsCountByDatasource,diseaseFromSourceMappedId,25.12-testrun-2_2025-11-28
0.0,eva_somatic,evidenceDistinctFieldsCountByDatasource,drugId,25.12-testrun-2_2025-11-28
314.0,eva_somatic,evidenceDistinctFieldsCountByDatasource,literature,25.12-testrun-2_2025-11-28
417432.0,all,evidenceInvalidTotalCount,,25.12-testrun-2_2025-11-28
150000.0,all,evidenceDuplicateTotalCount,,25.12-testrun-2_2025-11-28
81.0,all,evidenceNullifiedScoreTotalCount,,25.12-testrun-2_2025-11-28
5081.0,all,evidenceUnresolvedTargetTotalCount,,25.12-testrun-2_2025-11-28
277446.0,all,evidenceUnresolvedDiseaseTotalCount,,25.12-testrun-2_2025-11-28
16959.0,chembl,evidenceInvalidCountByDatasource,,25.12-testrun-2_2025-11-28
508.0,gene2phenotype,evidenceInvalidCountByDatasource,,25.12-testrun-2_2025-11-28
5235.0,crispr_screen,evidenceInvalidCountByDatasource,,25.12-testrun-2_2025-11-28
101.0,clingen,evidenceInvalidCountByDatasource,,25.12-testrun-2_2025-11-28
11299.0,uniprot_variants,evidenceInvalidCountByDatasource,,25.12-testrun-2_2025-11-28
264.0,intogen,evidenceInvalidCountByDatasource,,25.12-testrun-2_2025-11-28
1105.0,reactome,evidenceInvalidCountByDatasource,,25.12-testrun-2_2025-11-28
11691.0,genomics_england,evidenceInvalidCountByDatasource,,25.12-testrun-2_2025-11-28
10206.0,gene_burden,evidenceInvalidCountByDatasource,,25.12-testrun-2_2025-11-28
5216.0,expression_atlas,evidenceInvalidCountByDatasource,,25.12-testrun-2_2025-11-28
398.0,orphanet,evidenceInvalidCountByDatasource,,25.12-testrun-2_2025-11-28
19.0,cancer_biomarkers,evidenceInvalidCountByDatasource,,25.12-testrun-2_2025-11-28
129048.0,impc,evidenceInvalidCountByDatasource,,25.12-testrun-2_2025-11-28
11300.0,cancer_gene_census,evidenceInvalidCountByDatasource,,25.12-testrun-2_2025-11-28
212439.0,eva,evidenceInvalidCountByDatasource,,25.12-testrun-2_2025-11-28
1045.0,uniprot_literature,evidenceInvalidCountByDatasource,,25.12-testrun-2_2025-11-28
599.0,eva_somatic,evidenceInvalidCountByDatasource,,25.12-testrun-2_2025-11-28
13662.0,chembl,evidenceDuplicateCountByDatasource,,25.12-testrun-2_2025-11-28
4.0,gene2phenotype,evidenceDuplicateCountByDatasource,,25.12-testrun-2_2025-11-28
542.0,crispr_screen,evidenceDuplicateCountByDatasource,,25.12-testrun-2_2025-11-28
8178.0,uniprot_variants,evidenceDuplicateCountByDatasource,,25.12-testrun-2_2025-11-28
128.0,reactome,evidenceDuplicateCountByDatasource,,25.12-testrun-2_2025-11-28
796.0,genomics_england,evidenceDuplicateCountByDatasource,,25.12-testrun-2_2025-11-28
533.0,gene_burden,evidenceDuplicateCountByDatasource,,25.12-testrun-2_2025-11-28
1.0,expression_atlas,evidenceDuplicateCountByDatasource,,25.12-testrun-2_2025-11-28
18.0,orphanet,evidenceDuplicateCountByDatasource,,25.12-testrun-2_2025-11-28
10555.0,cancer_gene_census,evidenceDuplicateCountByDatasource,,25.12-testrun-2_2025-11-28
115255.0,eva,evidenceDuplicateCountByDatasource,,25.12-testrun-2_2025-11-28
4.0,uniprot_literature,evidenceDuplicateCountByDatasource,,25.12-testrun-2_2025-11-28
324.0,eva_somatic,evidenceDuplicateCountByDatasource,,25.12-testrun-2_2025-11-28
81.0,gene2phenotype,evidenceNullifiedScoreCountByDatasource,,25.12-testrun-2_2025-11-28
4.0,chembl,evidenceUnresolvedTargetCountByDatasource,,25.12-testrun-2_2025-11-28
1972.0,crispr_screen,evidenceUnresolvedTargetCountByDatasource,,25.12-testrun-2_2025-11-28
6.0,clingen,evidenceUnresolvedTargetCountByDatasource,,25.12-testrun-2_2025-11-28
1.0,intogen,evidenceUnresolvedTargetCountByDatasource,,25.12-testrun-2_2025-11-28
444.0,reactome,evidenceUnresolvedTargetCountByDatasource,,25.12-testrun-2_2025-11-28
1394.0,genomics_england,evidenceUnresolvedTargetCountByDatasource,,25.12-testrun-2_2025-11-28
349.0,gene_burden,evidenceUnresolvedTargetCountByDatasource,,25.12-testrun-2_2025-11-28
907.0,impc,evidenceUnresolvedTargetCountByDatasource,,25.12-testrun-2_2025-11-28
4.0,eva,evidenceUnresolvedTargetCountByDatasource,,25.12-testrun-2_2025-11-28
3312.0,chembl,evidenceUnresolvedDiseaseCountByDatasource,,25.12-testrun-2_2025-11-28
423.0,gene2phenotype,evidenceUnresolvedDiseaseCountByDatasource,,25.12-testrun-2_2025-11-28
3395.0,crispr_screen,evidenceUnresolvedDiseaseCountByDatasource,,25.12-testrun-2_2025-11-28
95.0,clingen,evidenceUnresolvedDiseaseCountByDatasource,,25.12-testrun-2_2025-11-28
3946.0,uniprot_variants,evidenceUnresolvedDiseaseCountByDatasource,,25.12-testrun-2_2025-11-28
263.0,intogen,evidenceUnresolvedDiseaseCountByDatasource,,25.12-testrun-2_2025-11-28
540.0,reactome,evidenceUnresolvedDiseaseCountByDatasource,,25.12-testrun-2_2025-11-28
9750.0,genomics_england,evidenceUnresolvedDiseaseCountByDatasource,,25.12-testrun-2_2025-11-28
9707.0,gene_burden,evidenceUnresolvedDiseaseCountByDatasource,,25.12-testrun-2_2025-11-28
4449.0,expression_atlas,evidenceUnresolvedDiseaseCountByDatasource,,25.12-testrun-2_2025-11-28
380.0,orphanet,evidenceUnresolvedDiseaseCountByDatasource,,25.12-testrun-2_2025-11-28
19.0,cancer_biomarkers,evidenceUnresolvedDiseaseCountByDatasource,,25.12-testrun-2_2025-11-28
128211.0,impc,evidenceUnresolvedDiseaseCountByDatasource,,25.12-testrun-2_2025-11-28
11300.0,cancer_gene_census,evidenceUnresolvedDiseaseCountByDatasource,,25.12-testrun-2_2025-11-28
100335.0,eva,evidenceUnresolvedDiseaseCountByDatasource,,25.12-testrun-2_2025-11-28
1041.0,uniprot_literature,evidenceUnresolvedDiseaseCountByDatasource,,25.12-testrun-2_2025-11-28
280.0,eva_somatic,evidenceUnresolvedDiseaseCountByDatasource,,25.12-testrun-2_2025-11-28
4492971.0,all,associationsDirectTotalCount,,25.12-testrun-2_2025-11-28
517.0,crispr,associationsDirectByDatasource,,25.12-testrun-2_2025-11-28
74082.0,chembl,associationsDirectByDatasource,,25.12-testrun-2_2025-11-28
4947.0,gene2phenotype,associationsDirectByDatasource,,25.12-testrun-2_2025-11-28
958752.0,gwas_credible_sets,associationsDirectByDatasource,,25.12-testrun-2_2025-11-28
10970.0,crispr_screen,associationsDirectByDatasource,,25.12-testrun-2_2025-11-28
3825.0,clingen,associationsDirectByDatasource,,25.12-testrun-2_2025-11-28
2462487.0,europepmc,associationsDirectByDatasource,,25.12-testrun-2_2025-11-28
5135.0,uniprot_variants,associationsDirectByDatasource,,25.12-testrun-2_2025-11-28
2595.0,intogen,associationsDirectByDatasource,,25.12-testrun-2_2025-11-28
2519.0,reactome,associationsDirectByDatasource,,25.12-testrun-2_2025-11-28
13160.0,genomics_england,associationsDirectByDatasource,,25.12-testrun-2_2025-11-28
7823.0,gene_burden,associationsDirectByDatasource,,25.12-testrun-2_2025-11-28
166518.0,expression_atlas,associationsDirectByDatasource,,25.12-testrun-2_2025-11-28
7176.0,orphanet,associationsDirectByDatasource,,25.12-testrun-2_2025-11-28
469.0,cancer_biomarkers,associationsDirectByDatasource,,25.12-testrun-2_2025-11-28
848294.0,impc,associationsDirectByDatasource,,25.12-testrun-2_2025-11-28
91572.0,cancer_gene_census,associationsDirectByDatasource,,25.12-testrun-2_2025-11-28
41816.0,eva,associationsDirectByDatasource,,25.12-testrun-2_2025-11-28
6627.0,uniprot_literature,associationsDirectByDatasource,,25.12-testrun-2_2025-11-28
2378.0,eva_somatic,associationsDirectByDatasource,,25.12-testrun-2_2025-11-28
0.8721536689641508,chembl,associationsDirectByDatasourceAUC,,25.12-testrun-2_2025-11-28
0.5936299292214358,gene2phenotype,associationsDirectByDatasourceAUC,,25.12-testrun-2_2025-11-28
0.7596431622965136,gwas_credible_sets,associationsDirectByDatasourceAUC,,25.12-testrun-2_2025-11-28
0.0,crispr_screen,associationsDirectByDatasourceAUC,,25.12-testrun-2_2025-11-28
0.6647920481297411,clingen,associationsDirectByDatasourceAUC,,25.12-testrun-2_2025-11-28
0.7664580521073926,europepmc,associationsDirectByDatasourceAUC,,25.12-testrun-2_2025-11-28
0.0,uniprot_variants,associationsDirectByDatasourceAUC,,25.12-testrun-2_2025-11-28
0.7723900370959195,reactome,associationsDirectByDatasourceAUC,,25.12-testrun-2_2025-11-28
0.2632726961678832,genomics_england,associationsDirectByDatasourceAUC,,25.12-testrun-2_2025-11-28
0.4359097302135277,gene_burden,associationsDirectByDatasourceAUC,,25.12-testrun-2_2025-11-28
0.5526593635226508,expression_atlas,associationsDirectByDatasourceAUC,,25.12-testrun-2_2025-11-28
0.0,orphanet,associationsDirectByDatasourceAUC,,25.12-testrun-2_2025-11-28
0.7025095500685309,impc,associationsDirectByDatasourceAUC,,25.12-testrun-2_2025-11-28
0.7241294766666548,cancer_gene_census,associationsDirectByDatasourceAUC,,25.12-testrun-2_2025-11-28
0.5418610772138878,eva,associationsDirectByDatasourceAUC,,25.12-testrun-2_2025-11-28
0.4320749018423437,uniprot_literature,associationsDirectByDatasourceAUC,,25.12-testrun-2_2025-11-28
0.8019741137611859,eva_somatic,associationsDirectByDatasourceAUC,,25.12-testrun-2_2025-11-28
0.7775196799587046,intogen,associationsDirectByDatasourceAUC,,25.12-testrun-2_2025-11-28
0.8067732662594318,crispr,associationsDirectByDatasourceAUC,,25.12-testrun-2_2025-11-28
0.6460467706013364,cancer_biomarkers,associationsDirectByDatasourceAUC,,25.12-testrun-2_2025-11-28
36.241234813623805,chembl,associationsDirectByDatasourceOR,,25.12-testrun-2_2025-11-28
0.9130436723342564,gene2phenotype,associationsDirectByDatasourceOR,,25.12-testrun-2_2025-11-28
0.18463430191205793,gwas_credible_sets,associationsDirectByDatasourceOR,,25.12-testrun-2_2025-11-28
0.0,crispr_screen,associationsDirectByDatasourceOR,,25.12-testrun-2_2025-11-28
1.1812915864830658,clingen,associationsDirectByDatasourceOR,,25.12-testrun-2_2025-11-28
0.6943617713091776,europepmc,associationsDirectByDatasourceOR,,25.12-testrun-2_2025-11-28
0.0,uniprot_variants,associationsDirectByDatasourceOR,,25.12-testrun-2_2025-11-28
2.694455914218135,reactome,associationsDirectByDatasourceOR,,25.12-testrun-2_2025-11-28
1.3747380154509412,genomics_england,associationsDirectByDatasourceOR,,25.12-testrun-2_2025-11-28
0.5769391232473426,gene_burden,associationsDirectByDatasourceOR,,25.12-testrun-2_2025-11-28
1.2881897247211216,expression_atlas,associationsDirectByDatasourceOR,,25.12-testrun-2_2025-11-28
0.0,orphanet,associationsDirectByDatasourceOR,,25.12-testrun-2_2025-11-28
0.11637775946191604,impc,associationsDirectByDatasourceOR,,25.12-testrun-2_2025-11-28
2.170582056270905,cancer_gene_census,associationsDirectByDatasourceOR,,25.12-testrun-2_2025-11-28
1.2451902718983188,eva,associationsDirectByDatasourceOR,,25.12-testrun-2_2025-11-28
1.7063946413096531,uniprot_literature,associationsDirectByDatasourceOR,,25.12-testrun-2_2025-11-28
10.542407704328085,eva_somatic,associationsDirectByDatasourceOR,,25.12-testrun-2_2025-11-28
10.54366600698656,intogen,associationsDirectByDatasourceOR,,25.12-testrun-2_2025-11-28
49.33546359350445,crispr,associationsDirectByDatasourceOR,,25.12-testrun-2_2025-11-28
101.52984905684785,cancer_biomarkers,associationsDirectByDatasourceOR,,25.12-testrun-2_2025-11-28
12010760.0,all,associationsIndirectTotalCount,,25.12-testrun-2_2025-11-28
7487.0,crispr,associationsIndirectByDatasource,,25.12-testrun-2_2025-11-28
259151.0,chembl,associationsIndirectByDatasource,,25.12-testrun-2_2025-11-28
41724.0,gene2phenotype,associationsIndirectByDatasource,,25.12-testrun-2_2025-11-28
2478537.0,gwas_credible_sets,associationsIndirectByDatasource,,25.12-testrun-2_2025-11-28
45443.0,crispr_screen,associationsIndirectByDatasource,,25.12-testrun-2_2025-11-28
34714.0,clingen,associationsIndirectByDatasource,,25.12-testrun-2_2025-11-28
7844440.0,europepmc,associationsIndirectByDatasource,,25.12-testrun-2_2025-11-28
52065.0,uniprot_variants,associationsIndirectByDatasource,,25.12-testrun-2_2025-11-28
28788.0,intogen,associationsIndirectByDatasource,,25.12-testrun-2_2025-11-28
16878.0,reactome,associationsIndirectByDatasource,,25.12-testrun-2_2025-11-28
93978.0,genomics_england,associationsIndirectByDatasource,,25.12-testrun-2_2025-11-28
24948.0,gene_burden,associationsIndirectByDatasource,,25.12-testrun-2_2025-11-28
166518.0,expression_atlas,associationsIndirectByDatasource,,25.12-testrun-2_2025-11-28
66786.0,orphanet,associationsIndirectByDatasource,,25.12-testrun-2_2025-11-28
5244.0,cancer_biomarkers,associationsIndirectByDatasource,,25.12-testrun-2_2025-11-28
2351060.0,impc,associationsIndirectByDatasource,,25.12-testrun-2_2025-11-28
380039.0,cancer_gene_census,associationsIndirectByDatasource,,25.12-testrun-2_2025-11-28
213973.0,eva,associationsIndirectByDatasource,,25.12-testrun-2_2025-11-28
66482.0,uniprot_literature,associationsIndirectByDatasource,,25.12-testrun-2_2025-11-28
27037.0,eva_somatic,associationsIndirectByDatasource,,25.12-testrun-2_2025-11-28
0.7748586199973231,crispr,associationsIndirectByDatasourceAUC,,25.12-testrun-2_2025-11-28
0.8561329728363211,chembl,associationsIndirectByDatasourceAUC,,25.12-testrun-2_2025-11-28
0.5439888286906074,gene2phenotype,associationsIndirectByDatasourceAUC,,25.12-testrun-2_2025-11-28
0.6905493445433125,gwas_credible_sets,associationsIndirectByDatasourceAUC,,25.12-testrun-2_2025-11-28
0.3138117980207026,crispr_screen,associationsIndirectByDatasourceAUC,,25.12-testrun-2_2025-11-28
0.696224310451988,clingen,associationsIndirectByDatasourceAUC,,25.12-testrun-2_2025-11-28
0.735396035067672,europepmc,associationsIndirectByDatasourceAUC,,25.12-testrun-2_2025-11-28
0.8141040418011372,uniprot_variants,associationsIndirectByDatasourceAUC,,25.12-testrun-2_2025-11-28
0.6799735716521191,intogen,associationsIndirectByDatasourceAUC,,25.12-testrun-2_2025-11-28
0.4756895052947685,reactome,associationsIndirectByDatasourceAUC,,25.12-testrun-2_2025-11-28
0.44548593445658985,genomics_england,associationsIndirectByDatasourceAUC,,25.12-testrun-2_2025-11-28
0.319320277421424,gene_burden,associationsIndirectByDatasourceAUC,,25.12-testrun-2_2025-11-28
0.5526407300092766,expression_atlas,associationsIndirectByDatasourceAUC,,25.12-testrun-2_2025-11-28
0.5663349649616554,orphanet,associationsIndirectByDatasourceAUC,,25.12-testrun-2_2025-11-28
0.6701721987720644,cancer_biomarkers,associationsIndirectByDatasourceAUC,,25.12-testrun-2_2025-11-28
0.6942178670247298,impc,associationsIndirectByDatasourceAUC,,25.12-testrun-2_2025-11-28
0.7809340576369581,cancer_gene_census,associationsIndirectByDatasourceAUC,,25.12-testrun-2_2025-11-28
0.5511882011846146,eva,associationsIndirectByDatasourceAUC,,25.12-testrun-2_2025-11-28
0.5436585232402266,uniprot_literature,associationsIndirectByDatasourceAUC,,25.12-testrun-2_2025-11-28
0.709184680683052,eva_somatic,associationsIndirectByDatasourceAUC,,25.12-testrun-2_2025-11-28
11.907855013009437,crispr,associationsIndirectByDatasourceOR,,25.12-testrun-2_2025-11-28
25.626683371807076,chembl,associationsIndirectByDatasourceOR,,25.12-testrun-2_2025-11-28
1.3266063632135934,gene2phenotype,associationsIndirectByDatasourceOR,,25.12-testrun-2_2025-11-28
0.26032841256479744,gwas_credible_sets,associationsIndirectByDatasourceOR,,25.12-testrun-2_2025-11-28
0.7294121625367993,crispr_screen,associationsIndirectByDatasourceOR,,25.12-testrun-2_2025-11-28
1.115349244518633,clingen,associationsIndirectByDatasourceOR,,25.12-testrun-2_2025-11-28
0.5125300200194767,europepmc,associationsIndirectByDatasourceOR,,25.12-testrun-2_2025-11-28
0.9556715589341286,uniprot_variants,associationsIndirectByDatasourceOR,,25.12-testrun-2_2025-11-28
6.020296562322593,intogen,associationsIndirectByDatasourceOR,,25.12-testrun-2_2025-11-28
1.9683008110272624,reactome,associationsIndirectByDatasourceOR,,25.12-testrun-2_2025-11-28
1.4757113017233894,genomics_england,associationsIndirectByDatasourceOR,,25.12-testrun-2_2025-11-28
0.8863693425710238,gene_burden,associationsIndirectByDatasourceOR,,25.12-testrun-2_2025-11-28
3.203238717997647,expression_atlas,associationsIndirectByDatasourceOR,,25.12-testrun-2_2025-11-28
1.0767295061091176,orphanet,associationsIndirectByDatasourceOR,,25.12-testrun-2_2025-11-28
34.35874702900526,cancer_biomarkers,associationsIndirectByDatasourceOR,,25.12-testrun-2_2025-11-28
0.3281502094193002,impc,associationsIndirectByDatasourceOR,,25.12-testrun-2_2025-11-28
1.4582054368695334,cancer_gene_census,associationsIndirectByDatasourceOR,,25.12-testrun-2_2025-11-28
1.5905523115886675,eva,associationsIndirectByDatasourceOR,,25.12-testrun-2_2025-11-28
1.8372489818555306,uniprot_literature,associationsIndirectByDatasourceOR,,25.12-testrun-2_2025-11-28
4.324576177080249,eva_somatic,associationsIndirectByDatasourceOR,,25.12-testrun-2_2025-11-28
0.8297936904647697,all,associationsDirectOverallAUC,,25.12-testrun-2_2025-11-28
1.0,all,associationsDirectOverallOR,,25.12-testrun-2_2025-11-28
0.8420553492976207,all,associationsIndirectOverallAUC,,25.12-testrun-2_2025-11-28
1.0,all,associationsIndirectOverallOR,,25.12-testrun-2_2025-11-28
46960.0,all,diseasesTotalCount,,25.12-testrun-2_2025-11-28
46960.0,all,diseasesNotNullCount,id,25.12-testrun-2_2025-11-28
46960.0,all,diseasesNotNullCount,code,25.12-testrun-2_2025-11-28
46960.0,all,diseasesNotNullCount,name,25.12-testrun-2_2025-11-28
41631.0,all,diseasesNotNullCount,description,25.12-testrun-2_2025-11-28
38626.0,all,diseasesNotNullCount,dbXRefs,25.12-testrun-2_2025-11-28
46935.0,all,diseasesNotNullCount,parents,25.12-testrun-2_2025-11-28
35288.0,all,diseasesNotNullCount,synonyms_hasExactSynonym,25.12-testrun-2_2025-11-28
7225.0,all,diseasesNotNullCount,synonyms_hasRelatedSynonym,25.12-testrun-2_2025-11-28
595.0,all,diseasesNotNullCount,synonyms_hasNarrowSynonym,25.12-testrun-2_2025-11-28
696.0,all,diseasesNotNullCount,synonyms_hasBroadSynonym,25.12-testrun-2_2025-11-28
4873.0,all,diseasesNotNullCount,obsoleteTerms,25.12-testrun-2_2025-11-28
1815.0,all,diseasesNotNullCount,obsoleteXRefs,25.12-testrun-2_2025-11-28
8367.0,all,diseasesNotNullCount,children,25.12-testrun-2_2025-11-28
46935.0,all,diseasesNotNullCount,ancestors,25.12-testrun-2_2025-11-28
46960.0,all,diseasesNotNullCount,therapeuticAreas,25.12-testrun-2_2025-11-28
8367.0,all,diseasesNotNullCount,descendants,25.12-testrun-2_2025-11-28
46960.0,all,diseasesNotNullCount,ontology_isTherapeuticArea,25.12-testrun-2_2025-11-28
46960.0,all,diseasesNotNullCount,ontology_leaf,25.12-testrun-2_2025-11-28
46960.0,all,diseasesNotNullCount,ontology_sources_url,25.12-testrun-2_2025-11-28
46960.0,all,diseasesNotNullCount,ontology_sources_name,25.12-testrun-2_2025-11-28
78725.0,all,targetsTotalCount,,25.12-testrun-2_2025-11-28
18475.0,all,drugsTotalCount,,25.12-testrun-2_2025-11-28
18475.0,all,drugsNotNullCount,id,25.12-testrun-2_2025-11-28
15140.0,all,drugsNotNullCount,canonicalSmiles,25.12-testrun-2_2025-11-28
15140.0,all,drugsNotNullCount,inchiKey,25.12-testrun-2_2025-11-28
18475.0,all,drugsNotNullCount,drugType,25.12-testrun-2_2025-11-28
18475.0,all,drugsNotNullCount,blackBoxWarning,25.12-testrun-2_2025-11-28
18475.0,all,drugsNotNullCount,name,25.12-testrun-2_2025-11-28
3617.0,all,drugsNotNullCount,yearOfFirstApproval,25.12-testrun-2_2025-11-28
11750.0,all,drugsNotNullCount,maximumClinicalTrialPhase,25.12-testrun-2_2025-11-28
1693.0,all,drugsNotNullCount,parentId,25.12-testrun-2_2025-11-28
18475.0,all,drugsNotNullCount,hasBeenWithdrawn,25.12-testrun-2_2025-11-28
11750.0,all,drugsNotNullCount,isApproved,25.12-testrun-2_2025-11-28
3560.0,all,drugsNotNullCount,tradeNames,25.12-testrun-2_2025-11-28
11680.0,all,drugsNotNullCount,synonyms,25.12-testrun-2_2025-11-28
9628.0,all,drugsNotNullCount,crossReferences_source,25.12-testrun-2_2025-11-28
9628.0,all,drugsNotNullCount,crossReferences_ids,25.12-testrun-2_2025-11-28
3119.0,all,drugsNotNullCount,childChemblIds,25.12-testrun-2_2025-11-28
10341.0,all,drugsNotNullCount,linkedDiseases_rows,25.12-testrun-2_2025-11-28
10341.0,all,drugsNotNullCount,linkedDiseases_count,25.12-testrun-2_2025-11-28
5047.0,all,drugsNotNullCount,linkedTargets_rows,25.12-testrun-2_2025-11-28
5818.0,all,drugsNotNullCount,linkedTargets_count,25.12-testrun-2_2025-11-28
18475.0,all,drugsNotNullCount,description,25.12-testrun-2_2025-11-28
